topic,base_url,pdf_url
car,www.harel-group.co.il/insurance/car/policies/truck.html,https://media.harel-group.co.il/media/2orfmh2y/תנאי-פוליסת-ביטוח-למשאית-מהדורת-ספטמבר-2021.pdf
car,www.harel-group.co.il/insurance/car/policies/truck.html,https://media.harel-group.co.il/media/qlzibq02/טופס-הצעה-לביטוח-משאית-מהדורת-ספטמבר-2021.pdf
car,www.harel-group.co.il/insurance/car/policies/truck.html,https://media.harel-group.co.il/media/ltuhcz00/מידע-מהותי-לפוליסה-לביטוח-משאית-נזקי-רכוש-ונזקי-רכוש-של-צד-שלישי-וביטוח-חובה.pdf
car,www.harel-group.co.il/insurance/car/policies/truck.html,https://media.harel-group.co.il/media/4sxlvlpc/טופס-ערעור-ביטוח-רכב.pdf
car,www.harel-group.co.il/insurance/car/policies/truck.html,https://media.harel-group.co.il/media/4fuddamt/טופס-ויתור-גניבה-ברכב-שאינו-פרטי-ומסחרי-עד-35-טון.pdf
car,www.harel-group.co.il/insurance/car/policies/truck.html,https://media.harel-group.co.il/media/m3qplbe5/תהליך-מינוי-שמאי-ועריכת-שומת-נזק-לרכב.pdf
car,www.harel-group.co.il/insurance/car/policies/truck.html,https://media.harel-group.co.il/media/cbmjs1qn/כתב-שירות-שרותי-דרך-וגרירה-למשאיות-עד-34-טון.pdf
car,www.harel-group.co.il/insurance/car/policies/truck.html,https://media.harel-group.co.il/media/flnfysau/גילוי-נאות-למבוטח-בדבר-עלויות-חלפים-במקרה-של-אירוע-תאונתי.pdf
car,www.harel-group.co.il/insurance/car/policies/harel-switch.html,https://media.harel-group.co.il/media/elmpndyt/מידע-מהותי-לביטוח-רכב-הראל-סוויץ-מהדורת-דצמבר-2021.pdf
car,www.harel-group.co.il/insurance/car/policies/harel-switch.html,https://media.harel-group.co.il/media/35tpwbeo/פוליסת-ביטוח-רכב-הראל-סוויץ-מהדורת-דצמבר-2021.pdf
car,www.harel-group.co.il/insurance/car/policies/harel-switch.html,https://media.harel-group.co.il/media/uzfd3fkh/טופס-הצעה-ביטוח-רכב-סוויץ-דצמבר-2021.pdf
car,www.harel-group.co.il/insurance/car/policies/motorcycle.html,https://media.harel-group.co.il/media/yvan0wx0/פוליסת-רכב-שאינו-רכב-פרטי-ומסחרי-עד-35-טון-מהדורת-ספטמבר-2021.pdf
car,www.harel-group.co.il/insurance/car/policies/comprehensive.html,https://media.harel-group.co.il/media/s4shcw0c/מידע-מהותי-לפוליסת-רכב-פרטי-ומסחרי-עד-35-טון.pdf
car,www.harel-group.co.il/insurance/car/policies/comprehensive.html,https://media.harel-group.co.il/media/yepjqx0j/פוליסה-לביטוח-רכב-פרטי-ומסחרי-עד-35-טון-מהדורת-יוני-2023.pdf
car,www.harel-group.co.il/insurance/car/policies/comprehensive.html,https://media.harel-group.co.il/media/hqkpgsvj/הצעה-לביטוח-רכב-פרטי-ומסחרי-עד-35-טון-מהדורת-יוני-2023.pdf
car,www.harel-group.co.il/insurance/car/policies/comprehensive.html,https://media.harel-group.co.il/media/fpwh3u2w/טופס-בקשה-לבדיקת-טרום-ביטוח.pdf
car,www.harel-group.co.il/insurance/car/policies/comprehensive.html,https://media.harel-group.co.il/media/dwtbdm4j/תנאי-פוליסת-ביטוח-לרכב-פרטי-ומסחרי-עד-35-טון-יוני-2023-באנגלית.pdf
car,www.harel-group.co.il/insurance/car/policies/comprehensive.html,https://media.harel-group.co.il/media/tj5lexzf/מידע-מהותי-לפוליסת-רכב-פרטי-ומסחרי-עד-35-טון-נזקי-רכוש-ונזקי-רכוש-צד-שלישי-וביטוח-חובה.pdf
car,www.harel-group.co.il/insurance/car/policies/comprehensive.html,https://media.harel-group.co.il/media/oafl11qo/טופס-הקפאה-בביטוח-רכב-רכוש-ו-או-חובה.pdf
car,www.harel-group.co.il/insurance/car/policies/comprehensive.html,https://media.harel-group.co.il/media/lthdavdl/טופס-השבתה-בפוליסת-רכב-חובה-ו-או-רכוש.pdf
car,www.harel-group.co.il/insurance/car/policies/comprehensive.html,https://media.harel-group.co.il/media/hdrhll15/טופס-הודעה-על-ויתור-על-כיסוי-לסיכון-בפוליסת-ביטוח-רכב.pdf
car,www.harel-group.co.il/insurance/car/policies/comprehensive.html,https://media.harel-group.co.il/media/iqflhtnc/טופס-שינוי-שיעור-השתתפות-עצמית-בגין-ירידת-ערך-הרכב.pdf
car,www.harel-group.co.il/insurance/car/policies/comprehensive.html,https://media.harel-group.co.il/media/5xfn2tor/פוליסה-לביטוח-רכב-פרטי-ורכב-מסחרי-עד-35-טון-מבית-שירביט-מהדורת-יוני-2023.pdf
car,www.harel-group.co.il/insurance/car/policies/upgrade.html,https://media.harel-group.co.il/media/lhwf2rss/מהדורת-יוני-2023-upgrade-פוליסת-הראל.pdf
car,www.harel-group.co.il/insurance/car/policies/construction-equipment.html,https://media.harel-group.co.il/media/l2khiag1/תנאי-פוליסת-ביטוח-ציוד-מכני-הנדסי-צמה.pdf
car,www.harel-group.co.il/insurance/car/policies/construction-equipment.html,https://media.harel-group.co.il/media/deebjmah/טופס-הצעה-לביטוח-רכב-צמה-ציוד-מכני-הנדסי.pdf
car,www.harel-group.co.il/insurance/car/policies/construction-equipment.html,https://media.harel-group.co.il/media/ljihrklz/פוליסה-לביטוח-ציוד-מכני-הנדסי-הראל-לתעשייה-מהדורת-ספטמבר-2016.pdf
car,www.harel-group.co.il/insurance/car/policies/special-vehicles.html,https://media.harel-group.co.il/media/crwdwqnb/גילוי-נאות-למבוטח-בדבר-עלויות-חלפים-במקרה-של-אירוע-תאונתי-מוניות.pdf
car,www.harel-group.co.il/insurance/car/policies/traveler-car.html,https://media.harel-group.co.il/media/fohpehkk/פוליסה-לביטוח-רכב-מטיילים-בסיני-ובירדן.pdf
car,www.harel-group.co.il/insurance/car/policies/traveler-car.html,https://media.harel-group.co.il/media/ne0negdm/טופס-הצעה-לביטוח-רכב-מטיילים-בסיני-וירדן.pdf
car,www.harel-group.co.il/insurance/car/policies/compulsory.html,https://media.harel-group.co.il/media/f0onad22/תנאי-פוליסת-ביטוח-חובה-לרכב-מהדורת-ספטמבר-2021.pdf
car,www.harel-group.co.il/insurance/car/policies/compulsory.html,https://media.harel-group.co.il/media/qjkhys2j/טופס-הצעה-לביטוח-רכב-פרטי-ומסחרי-עד-35-טון-מהדורת-דצמבר-2021.pdf
car,www.harel-group.co.il/insurance/car/policies/compulsory.html,https://media.harel-group.co.il/media/a2wevbe4/נוהל-הגשת-ערעור-וטופס-הגשת-ערעור-למאגר-מידע-ברכב.pdf
car,www.harel-group.co.il/insurance/car/policies/compulsory.html,https://media.harel-group.co.il/media/dkjj3i4x/תצהיר-עבור-ביטוח-חובה-לתושבי-חוץ-בשפות-עברית-ערבית-אנגלית-רוסית-וצרפתית.pdf
car,www.harel-group.co.il/insurance/car/policies/compulsory.html,https://media.harel-group.co.il/media/cobpt3yz/תצהיר-עבור-ביטוח-חובה-לתושבי-חוץ-בשפות-צרפתית-ורוסית.pdf
car,www.harel-group.co.il/insurance/car/policies/compulsory.html,https://media.harel-group.co.il/media/fibeb5lj/פוליסת-ביטוח-חובה-לרכב-מבית-שירביט-מהדורת-ספטמבר-2021.pdf
car,www.harel-group.co.il/insurance/car/policies/compulsory.html,https://media.harel-group.co.il/media/fmrbmqrf/פוליסת-חובה-ספטמבר-2021-באנגלית.pdf
car,www.harel-group.co.il/insurance/car/policies/harel-charge.html,https://media.harel-group.co.il/media/umtbyesd/מידע-מהותי-עיקרי-הכיסוי-עמדת-טעינה-מהדורת-יולי-2023.pdf
car,www.harel-group.co.il/insurance/car/policies/harel-charge.html,https://media.harel-group.co.il/media/ccikn20q/פוליסה-לביטוח-עמדת-טעינה-לרכב-יולי-2023.pdf
car,www.harel-group.co.il/insurance/car/policies/harel-charge.html,https://media.harel-group.co.il/media/3qidqse5/טופס-הצעה-עמדת-טעינה-לרכב-מהדורת-יולי-2023.pdf
car,www.harel-group.co.il/insurance/car/policies/car-commerce.html,https://media.harel-group.co.il/media/002fwfth/תנאי-פוליסת-ביטוח-סחר-רכב-חובה-מהדורת-ספטמבר-2021.pdf
car,www.harel-group.co.il/insurance/car/policies/car-commerce.html,https://media.harel-group.co.il/media/qnuhtykx/טופס-הצעה-לביטוח-סחר-רכב-מהדורת-ספטמבר-2021.pdf
car,www.harel-group.co.il/insurance/car/policies/car-commerce.html,https://media.harel-group.co.il/media/jrcbpegr/טופס-הצעה-לביטוח-תו-סוחר-מהדורת-ספטמבר-2021.pdf
car,www.harel-group.co.il/insurance/car/policies/car-commerce.html,https://media.harel-group.co.il/media/iesdnnxl/תנאי-פוליסת-ביטוח-תו-סוחר-חובה-מהדורת-ספטמבר-2021.pdf
car,www.harel-group.co.il/insurance/car/policies/car-commerce.html,https://media.harel-group.co.il/media/q1sh4vh0/פוליסה-לביטוח-סחר-רכב-חובה-מבית-שירביט-מהדורת-ספטמבר-2021.pdf
life,www.harel-group.co.il/insurance/life/policies/magen.html,https://media.harel-group.co.il/media/uovfl5df/מידע-מהותי-בדבר-מגן-כיסוי-למקרה-פטירה.pdf
life,www.harel-group.co.il/insurance/life/policies/magen.html,https://media.harel-group.co.il/media/5pufulfs/טופס-הצטרפות-לביטוח-חיים-17-שאלות-בהצהרת-הבריאות.pdf
life,www.harel-group.co.il/insurance/life/policies/magen.html,https://media.harel-group.co.il/media/eetjmu2f/טופס-הצטרפות-לביטוח-חיים-7-שאלות-בהצהרת-הבריאות.pdf
life,www.harel-group.co.il/insurance/life/policies/magen.html,https://media.harel-group.co.il/media/2s2n5qfb/תנאי-פוליסת-ביטוח-למקרה-מוות-מגן-1.pdf
life,www.harel-group.co.il/insurance/life/policies/magen.html,https://media.harel-group.co.il/media/dd1pddb2/מידע-מהותי-בדבר-מגן-זוגי-אקסטרא.pdf
life,www.harel-group.co.il/insurance/life/policies/magen.html,https://media.harel-group.co.il/media/uhmdavs3/עוד-בחיים-515.pdf
life,www.harel-group.co.il/insurance/life/policies/magen.html,https://media.harel-group.co.il/media/qrphqnwx/נספח-תעריפים-מגן-1-מגוון-פלוס.pdf
life,www.harel-group.co.il/insurance/life/policies/magen-monthly.html,https://media.harel-group.co.il/media/ej3boeup/תנאי-פוליסת-ביטוח-מגן-חודשי.pdf
life,www.harel-group.co.il/insurance/life/policies/magen-monthly.html,https://media.harel-group.co.il/media/fvyblyaa/מידע-מהותי-בדבר-מגן-חודשי.pdf
life,www.harel-group.co.il/insurance/life/policies/magen-monthly.html,https://media.harel-group.co.il/media/25pbghbl/מידע-מהותי-בדבר-מגן-חודשי-אקסטרה.pdf
life,www.harel-group.co.il/insurance/life/policies/family-income.html,https://media.harel-group.co.il/media/bnwlczly/מידע-מהותי-בדבר-הכנסה-למשפחה.pdf
life,www.harel-group.co.il/insurance/life/policies/family-income.html,https://media.harel-group.co.il/media/3erdgcqk/מידע-מהותי-הכנסה-למשפחה-אקסטרה.pdf
life,www.harel-group.co.il/insurance/life/policies/family-income.html,https://media.harel-group.co.il/media/fajl13f4/תנאי-הכנסה-למשפחה.pdf
life,www.harel-group.co.il/insurance/life/policies/disability-accident.html,https://media.harel-group.co.il/media/gk2f2qjp/מידע-מהותי-נכות-מתאונה.pdf
life,www.harel-group.co.il/insurance/life/policies/disability-accident.html,https://media.harel-group.co.il/media/y2mjg0nv/נספח-נכות-מתאונה.pdf
life,www.harel-group.co.il/insurance/life/policies/disability-accident.html,https://media.harel-group.co.il/media/ptzddnhf/נספח-מידע-תמציתי-לביטול-חריג-ספורט-אתגרי.pdf
life,www.harel-group.co.il/insurance/life/policies/disability-accident.html,https://media.harel-group.co.il/media/5yhkeiim/נספח-מידע-תמציתי-לביטול-חריג-דו-גלגלי.pdf
life,www.harel-group.co.il/insurance/life/policies/disability-accident.html,https://media.harel-group.co.il/media/hpcpodor/הגדרת-ספורט-אתגרי-נכות-מתאונה.pdf
life,www.harel-group.co.il/insurance/life/policies/death-accident.html,https://media.harel-group.co.il/media/zqbf2hba/מידע-מהותי-מוות-מתאונה.pdf
life,www.harel-group.co.il/insurance/life/policies/death-accident.html,https://media.harel-group.co.il/media/1drmm140/נספח-מוות-מתאונה.pdf
life,www.harel-group.co.il/insurance/life/policies/magen-mashlim-child.html,https://media.harel-group.co.il/media/1vbl5wgi/הראל-מגן-משלים-לילד-144.pdf
life,www.harel-group.co.il/insurance/life/policies/magen-mashlim-child.html,https://media.harel-group.co.il/media/ot5dhyna/מידע-מהותי-הראל-מגן-משלים-לילד.pdf
health,www.harel-group.co.il/insurance/health/policies/complementary.html,https://media.harel-group.co.il/media/fgfgycrj/תקציר-כתב-השירות-שירותי-רפואה-משלימה-אלטרנטיבית.pdf
health,www.harel-group.co.il/insurance/health/policies/complementary.html,https://media.harel-group.co.il/media/hldbzafe/כתב-שירות-שירותי-רפואה-משלימה-אלטרנטיבית.pdf
health,www.harel-group.co.il/insurance/health/policies/complementary.html,https://media.harel-group.co.il/media/wg2pc0b4/62025-טופס-הצעה-לביטוח-רפואי-ביטוח-בריאות.pdf
health,www.harel-group.co.il/insurance/health/policies/complementary.html,https://media.harel-group.co.il/media/jxabsfkz/062025-טופס-הצעה-להוספת-כתבי-שירות.pdf
health,www.harel-group.co.il/insurance/health/policies/doctor-at-home.html,https://media.harel-group.co.il/media/3icliwsw/גילוי-נאות-ביקור-רופא-בבית.pdf
health,www.harel-group.co.il/insurance/health/policies/doctor-at-home.html,https://media.harel-group.co.il/media/gufpo4df/נספח-שירות-ביקור-רופא-בבית.pdf
health,www.harel-group.co.il/insurance/health/policies/premium-care.html,https://media.harel-group.co.il/media/nlwbbj0l/גילוי-נאות-לנספח-הרחבה-טיפולים-פרימיום.pdf
health,www.harel-group.co.il/insurance/health/policies/premium-care.html,https://media.harel-group.co.il/media/jwhefqsm/תנאי-נספח-הרחבה-טיפולים-פרימיום.pdf
health,www.harel-group.co.il/insurance/health/policies/premium-care.html,https://media.harel-group.co.il/media/f5ma3n2z/תנאים-כלליים-לביטוח-בריאות.pdf
health,www.harel-group.co.il/insurance/health/policies/premium-care.html,https://media.harel-group.co.il/media/j54bomsh/הצעה-לטיפולים-פרימיום-62025.pdf
health,www.harel-group.co.il/insurance/health/policies/upgrade-surgeries.html,https://media.harel-group.co.il/media/5t0kwvu4/גילוי-נאות-לניתוחים-upgrade.pdf
health,www.harel-group.co.il/insurance/health/policies/upgrade-surgeries.html,https://media.harel-group.co.il/media/34imdzjq/תנאי-פוליסה-לניתוחים-upgrade.pdf
health,www.harel-group.co.il/insurance/health/policies/ambulatory-care.html,https://media.harel-group.co.il/media/o3mbg5s5/גילוי-נאות-ייעוץ-ובדיקות-בסיסי.pdf
health,www.harel-group.co.il/insurance/health/policies/ambulatory-care.html,https://media.harel-group.co.il/media/fi5hsifj/תנאי-נספח-הרחבה-שירותים-רפואיים-אמבולטוריים-וטכנולוגיות-מתקדמות.pdf
health,www.harel-group.co.il/insurance/health/policies/ambulatory-care.html,https://media.harel-group.co.il/media/2gve1occ/גילוי-נאות-ייעוץ-ובדיקות-מורחב.pdf
health,www.harel-group.co.il/insurance/health/policies/ambulatory-care.html,https://media.harel-group.co.il/media/0syp3wzx/תנאי-ביטוח-ייעוץ-ובדיקות-מורחב.pdf
health,www.harel-group.co.il/insurance/health/policies/upgrade-extra.html,https://media.harel-group.co.il/media/tv3pdrrk/גילוי-נאות-upgrade-אקסטרה-ניתוחים-וטיפולים-מחליפי-ניתוח-בישראל.pdf
health,www.harel-group.co.il/insurance/health/policies/upgrade-extra.html,https://media.harel-group.co.il/media/eqrjgjek/תנאי-פוליסת-upgrade-אקסטרה-ניתוחים-וטיפולים-מחליפי-ניתוח-בישראל.pdf
health,www.harel-group.co.il/insurance/health/policies/transplants-and-treatments.html,https://media.harel-group.co.il/media/khaplhx0/גילוי-נאות-השתלות-וטיפולים-מיוחדים-בחול.pdf
health,www.harel-group.co.il/insurance/health/policies/transplants-and-treatments.html,https://media.harel-group.co.il/media/3wxj3w3i/תנאי-פוליסת-השתלות-וטיפולים-מיוחדים-בחול-2.pdf
health,www.harel-group.co.il/insurance/health/policies/medications.html,https://media.harel-group.co.il/media/gz3gcvbc/גילוי-נאות-תרופות-מיוחדות.pdf
health,www.harel-group.co.il/insurance/health/policies/medications.html,https://media.harel-group.co.il/media/ggbizbf3/תנאי-פוליסת-תרופות-מיוחדות-1.pdf
health,www.harel-group.co.il/insurance/health/policies/online-plus.html,https://media.harel-group.co.il/media/4mxdtnu0/כתב-שירות-רפואה-אישית-onlineplus.pdf
health,www.harel-group.co.il/insurance/health/policies/online-plus.html,https://media.harel-group.co.il/media/cfpaq5ac/תקציר-כתב-השירות-רפואה-אישית-on-line.pdf
health,www.harel-group.co.il/insurance/health/policies/online-plus.html,https://media.harel-group.co.il/media/zh2bpwy1/דפי-עזר-לשימוש-בשירות-רפואה-אישית-on-line.pdf
health,www.harel-group.co.il/insurance/health/policies/personal-doctor.html,https://media.harel-group.co.il/media/qjwbdbpl/כתב-שירות-רופא-מלווה-אישי.pdf
health,www.harel-group.co.il/insurance/health/policies/personal-doctor.html,https://media.harel-group.co.il/media/hhpcz0oj/תקציר-כתב-השירות-רופא-מלווה-אישי.pdf
health,www.harel-group.co.il/insurance/health/policies/surgery-abroad.html,https://media.harel-group.co.il/media/u32bugze/גילוי-נאות-לנספח-ההרחבה-ניתוחים-פרטיים-בחול.pdf
health,www.harel-group.co.il/insurance/health/policies/surgery-abroad.html,https://media.harel-group.co.il/media/4pbfjxm1/תנאי-נספח-הרחבה-ניתוחים-פרטיים-וטיפולים-מחליפי-ניתוח-בחו-ל-1.pdf
health,www.harel-group.co.il/insurance/health/policies/private.html,https://media.harel-group.co.il/media/zttfq420/תקציר-כתב-השירות-מרכז-פרטי-לאבחון-רפואי-מהיר.pdf
health,www.harel-group.co.il/insurance/health/policies/private.html,https://media.harel-group.co.il/media/ii2hes5i/כתב-שירות-מרכז-פרטי-לאבחון-רפואי-מהיר.pdf
health,www.harel-group.co.il/insurance/health/policies/child-development.html,https://media.harel-group.co.il/media/jtvp3ll4/גילוי-נאות-לנספח-הרחבה-לביטוח-אמבולטורי-טיפולי-התפתחות-הילד.pdf
health,www.harel-group.co.il/insurance/health/policies/child-development.html,https://media.harel-group.co.il/media/2nkhdd0k/תנאי-נספח-הרחבה-טיפולי-התפתחות-הילד.pdf
health,www.harel-group.co.il/insurance/health/policies/mehashekel-harishon.html,https://media.harel-group.co.il/media/wwjp3j30/גילוי-נאות-כיסוי-לניתוחים-ולטיפולים-מחליפי-ניתוח-בישראל-מהשקל-הראשון.pdf
health,www.harel-group.co.il/insurance/health/policies/mehashekel-harishon.html,https://media.harel-group.co.il/media/dcld23gh/תנאי-פוליסת-ניתוחים-וטיפולים-מחליפי-ניתוח-בישראל-מהשקל-הראשון-1.pdf
business,www.harel-group.co.il/insurance/business/policies/property-in-transit.html,https://media.harel-group.co.il/media/xrdb3ak4/טופס-הצעה-לביטוח-רכוש-במעבר.pdf
business,www.harel-group.co.il/insurance/business/policies/property-in-transit.html,https://media.harel-group.co.il/media/0dqbeb2k/פוליסה-לביטוח-סחורה-בהעברה-הראל-ביט-ינואר-2023.pdf
business,www.harel-group.co.il/insurance/business/policies/property-in-transit.html,https://media.harel-group.co.il/media/mr4df4i1/מכתב-פירוט-שינויים-מהדורות-ינואר-2023.pdf
business,www.harel-group.co.il/insurance/business/policies/alternative-medicine.html,https://media.harel-group.co.il/media/j1sd1vyd/פוליסת-אחריות-מקצועית-רפואה-משלימה-ופרא-רפואי-ינואר-2022.pdf
business,www.harel-group.co.il/insurance/business/policies/alternative-medicine.html,https://media.harel-group.co.il/media/lbzdf005/טופס-הצעה-אחריות-מקצועית-רפואה-משלימה-ופרא-רפואי.pdf
business,www.harel-group.co.il/insurance/business/policies/alternative-medicine.html,https://media.harel-group.co.il/media/50opk03n/טופס-תביעה-מהמבוטח-רשלנות-רפואית.pdf
business,www.harel-group.co.il/insurance/business/policies/loss-of-license.html,https://media.harel-group.co.il/media/letjtheq/22307_pnimhaim_22308c_sofi_mail.pdf
business,www.harel-group.co.il/insurance/business/policies/loss-of-license.html,https://media.harel-group.co.il/media/bycbgako/22247_tofes_22530a_sofi_mail.pdf
business,www.harel-group.co.il/insurance/business/policies/terror.html,https://media.harel-group.co.il/media/w5ad4t1h/נזקי-טרור-מעל-מס-רכוש-לתעשייה-ינואר-2023.pdf
business,www.harel-group.co.il/insurance/business/policies/terror.html,https://media.harel-group.co.il/media/g4snjymx/טופס-הצעה-לביטוח-לעסק-נזקי-טרור.pdf
business,www.harel-group.co.il/insurance/business/policies/terror.html,https://media.harel-group.co.il/media/sropy5t5/מכתב-פירוט-שינויים-מהדורות-ינואר-2023.pdf
business,www.harel-group.co.il/insurance/business/policies/fire-and-risk.html,https://media.harel-group.co.il/media/amiipt40/טופס-הצעה-לביטוח-עסקי-ביטוח-אש.pdf
business,www.harel-group.co.il/insurance/business/policies/fire-and-risk.html,https://media.harel-group.co.il/media/2dybkkwq/פוליסה-משולבת-לביטוח-אש-מורחב-ואובדן-תוצאתי-הראל-ביט-ינואר-2023.pdf
business,www.harel-group.co.il/insurance/business/policies/fire-and-risk.html,https://media.harel-group.co.il/media/jsmbgi2j/מכתב-פירוט-שינויים-מהדורות-ינואר-2023-מונגש.pdf
business,www.harel-group.co.il/insurance/business/policies/vessels.html,https://media.harel-group.co.il/media/s1qpis5v/פוליסה-לביטוח-ימי-ליאכטות-וסירות-מבית-שירביט-מהדורת-יולי-2016.pdf
business,www.harel-group.co.il/insurance/business/policies/vessels.html,https://media.harel-group.co.il/media/c2lclgpg/טופס-הצעה-ביטוח-כלי-שייט.pdf
business,www.harel-group.co.il/insurance/business/policies/garage.html,https://media.harel-group.co.il/media/2lcp353s/פוליסה-לביטוח-חבות-בעלי-מוסכים-הראל-מהדורת-ינואר-2023.pdf
business,www.harel-group.co.il/insurance/business/policies/garage.html,https://media.harel-group.co.il/media/h2rnliz2/טופס-הצעה-לביטוח-חבות-כלפי-צד-שלישי.pdf
business,www.harel-group.co.il/insurance/business/policies/garage.html,https://media.harel-group.co.il/media/3ahd1alp/מכתב-פירוט-שינויים-מהדורות-ינואר-2023-_1.pdf
business,www.harel-group.co.il/insurance/business/policies/contract-works.html,https://media.harel-group.co.il/media/y0ndjhi4/פוליסה-לביטוח-עבודות-קבלניות-הראל-ביט-מהדורת-ינואר-2023.pdf
business,www.harel-group.co.il/insurance/business/policies/contract-works.html,https://media.harel-group.co.il/media/c1ollgo1/טופס-הצעה-לביטוח-עסקי-עבודות-קבלניות.pdf
business,www.harel-group.co.il/insurance/business/policies/contract-works.html,https://media.harel-group.co.il/media/pqsnmcag/מכתב-פירוט-שינויים-מהדורות-ינואר-2023.pdf
business,www.harel-group.co.il/insurance/business/policies/directors-liability.html,https://media.harel-group.co.il/media/mntcqgwy/תנאי-פוליסת-ביטוח-עסקי-אחריות-דירקטורים-ונושאי-משרה.pdf
business,www.harel-group.co.il/insurance/business/policies/directors-liability.html,https://media.harel-group.co.il/media/nitlwlm0/טופס-הצעה-לביטוח-עסקי-אחריות-דירקטורים-ונושאי-משרה.pdf
business,www.harel-group.co.il/insurance/business/policies/media-liability.html,https://media.harel-group.co.il/media/gjafeaid/טופס-הצעה-לביטוח-עסקי-אחריות-מדיה.pdf
business,www.harel-group.co.il/insurance/business/policies/investment-advisors.html,https://media.harel-group.co.il/media/5pbjrxw0/תנאי-פוליסת-ביטוח-עסקי-אחריות-מקצועית-ליועצי-השקעות.pdf
business,www.harel-group.co.il/insurance/business/policies/investment-advisors.html,https://media.harel-group.co.il/media/my1gvcnm/תוספת-שינויים-לתנאי-פוליסת-ביטוח-עסקי-אחריות-מקצועית-ליועצי-השקעות.pdf
business,www.harel-group.co.il/insurance/business/policies/investment-advisors.html,https://media.harel-group.co.il/media/ehgfiscy/טופס-הצעה-לביטוח-עסקי-אחריות-מקצועית-ליועצי-השקעות.pdf
business,www.harel-group.co.il/insurance/business/policies/cargo.html,https://media.harel-group.co.il/media/zmklnmy2/טופס-הצעה-לביטוח-ימי-ואוירי-של-מטענים.pdf
business,www.harel-group.co.il/insurance/business/policies/electric.html,https://media.harel-group.co.il/media/y3pdhssu/טופס-הצעה-לביטוח-ציוד-אלקטרוני.pdf
business,www.harel-group.co.il/insurance/business/policies/electric.html,https://media.harel-group.co.il/media/yfoby1k4/פוליסה-לביטוח-ציוד-אלקטרוני-הראל-ביט-ינואר-2023.pdf
business,www.harel-group.co.il/insurance/business/policies/electric.html,https://media.harel-group.co.il/media/cige2e5s/מכתב-פירוט-שינויים-מהדורות-ינואר-2023-ביטוח-עסקי.pdf
business,www.harel-group.co.il/insurance/business/policies/clinical-trials.html,https://media.harel-group.co.il/media/xlqbqazf/טופס-הצטרפות-לביטוח-ניסויים-קליניים.pdf
business,www.harel-group.co.il/insurance/business/policies/private-doctors.html,https://media.harel-group.co.il/media/twkf4wys/פוליסת-אחריות-מקצועית-לרופא-פרטי-מהדורת-ספטמבר-2016.pdf
business,www.harel-group.co.il/insurance/business/policies/private-doctors.html,https://media.harel-group.co.il/media/5phityrg/טופס-הצעה-לביטוח-אחריות-מקצועית-לרופא-פרטי.pdf
business,www.harel-group.co.il/insurance/business/policies/private-doctors.html,https://media.harel-group.co.il/media/bi0bm5r0/טופס-הצעה-לביטוח-אחריות-מקצועית-למוסדות-רפואיים.pdf
business,www.harel-group.co.il/insurance/business/policies/tech.html,https://media.harel-group.co.il/media/ut3ard1h/תנאי-פוליסת-ביטוח-עסקי-חבות-משולב-לחברות-תוכנה-וחומרה.pdf
business,www.harel-group.co.il/insurance/business/policies/tech.html,https://media.harel-group.co.il/media/ozhfb0bo/טופס-הצעה-לביטוח-עסקי-ביטוח-חבות-משולב-לחברות-תוכנה-וחומרה.pdf
business,www.harel-group.co.il/insurance/business/policies/money.html,https://media.harel-group.co.il/media/xozcnboh/טופס-הצעה-לביטוח-כספים.pdf
business,www.harel-group.co.il/insurance/business/policies/money.html,https://media.harel-group.co.il/media/k35jwdk3/פוליסה-לביטוח-כספים-הראל-ביט-ינואר-2023.pdf
business,www.harel-group.co.il/insurance/business/policies/money.html,https://media.harel-group.co.il/media/quplxtg0/מכתב-פירוט-שינויים-מהדורות_ינואר-2023.pdf
business,www.harel-group.co.il/insurance/business/policies/loyalty.html,https://media.harel-group.co.il/media/vsliqiai/טופס-הצעה-לביטוח-נאמנות.pdf
business,www.harel-group.co.il/insurance/business/policies/loyalty.html,https://media.harel-group.co.il/media/qmgntxek/פוליסה-לביטוח-נאמנות-עובדים-הראל-ביט-ינואר-2023.pdf
business,www.harel-group.co.il/insurance/business/policies/loyalty.html,https://media.harel-group.co.il/media/iovhyj0y/מכתב-פירוט-שינויים-מהדורות-ינואר-2023-_1.pdf
business,www.harel-group.co.il/insurance/business/policies/professional-liability.html,https://media.harel-group.co.il/media/tiferdyi/טופס-הצעה-לביטוח-אחריות-מקצועית.pdf
business,www.harel-group.co.il/insurance/business/policies/professional-liability.html,https://media.harel-group.co.il/media/rt2gyim0/פוליסה-לביטוח-אחריות-מקצועית-הראל-מהדורת-ינואר-2023.pdf
business,www.harel-group.co.il/insurance/business/policies/professional-liability.html,https://media.harel-group.co.il/media/t4ph4mep/טופס-הצעה-לביטוח-אחריות-מקצועית-לענפי-ההנדסה.pdf
business,www.harel-group.co.il/insurance/business/policies/professional-liability.html,https://media.harel-group.co.il/media/4r3lexxp/פוליסה-לביטוח-אחריות-מקצועית-לענפי-ההנדסה-והאדריכלות-מהדורת-ינואר-2023.pdf
business,www.harel-group.co.il/insurance/business/policies/professional-liability.html,https://media.harel-group.co.il/media/mkwptcaz/פוליסה-לביטוח-אחריות-מקצועית-מבית-שירביט-מהדורת-מרץ-2021.pdf
business,www.harel-group.co.il/insurance/business/policies/agricultural-crops.html,https://media.harel-group.co.il/media/xlhhsvjh/פוליסת-מכלול-לחבר-מושב-מהדורת-ינואר-2023.pdf
business,www.harel-group.co.il/insurance/business/policies/agricultural-crops.html,https://media.harel-group.co.il/media/tz3p013c/טופס-הצעה-לביטוח-מכלול-למושב.pdf
business,www.harel-group.co.il/insurance/business/policies/agricultural-crops.html,https://media.harel-group.co.il/media/makle2qm/טופס-הצעה-לפוליסת-מכלול-לחבר-מושב.pdf
business,www.harel-group.co.il/insurance/business/policies/agricultural-crops.html,https://media.harel-group.co.il/media/yqyjkynb/מכלול-למושב-ינואר-2023.pdf
business,www.harel-group.co.il/insurance/business/policies/agricultural-crops.html,https://media.harel-group.co.il/media/1qsb11od/מכתב-פירוט-שינויים-מהדורות-ינואר-2023.pdf
business,www.harel-group.co.il/insurance/business/policies/agricultural-crops.html,https://media.harel-group.co.il/media/dozihm05/נספח-לפוליסת-ביטוח-דירה-למקרה-של-רעידת-אדמה-אדירה-כסף.pdf
business,www.harel-group.co.il/insurance/business/policies/agricultural-crops.html,https://media.harel-group.co.il/media/btvbvkzv/נספח-לחידוש-פוליסת-ביטוח-דירה-ארד-עבור-נזקי-מים.pdf
business,www.harel-group.co.il/insurance/business/policies/mechanical-failure.html,https://media.harel-group.co.il/media/yngoq23n/טופס-הצעה-לביטוח-שבר-מכני.pdf
business,www.harel-group.co.il/insurance/business/policies/mechanical-failure.html,https://media.harel-group.co.il/media/44wfb2yo/פוליסה-לביטוח-שבר-מכני-הראל-ביט-מהדורת-ינואר-2023.pdf
business,www.harel-group.co.il/insurance/business/policies/mechanical-failure.html,https://media.harel-group.co.il/media/lx0lshmu/מכתב-פירוט-שינויים-מהדורות-ינואר-2023-ביטוח-עסקי.pdf
business,www.harel-group.co.il/insurance/business/policies/upgrade-office.html,https://media.harel-group.co.il/media/wc2bkumf/תנאי-פוליסה-ביטוח-מכלול-למשרד-מהדורת-ינואר-2024.pdf
business,www.harel-group.co.il/insurance/business/policies/upgrade-office.html,https://media.harel-group.co.il/media/m01hpagt/טופס-הצעה-לביטוח-מכלול-למשרד.pdf
business,www.harel-group.co.il/insurance/business/policies/upgrade-office.html,https://media.harel-group.co.il/media/0cwlxn1y/מידע-מהותי-מכלול-למשרד-מהדורת-ינואר-2024.pdf
business,www.harel-group.co.il/insurance/business/policies/upgrade-office.html,https://media.harel-group.co.il/media/r32ektet/טופס-הצעה-להרחבה-לכיסוי-ביטוח-אירוע-סייבר.pdf
business,www.harel-group.co.il/insurance/business/policies/upgrade-office.html,https://media.harel-group.co.il/media/msphjx23/נספח-הרחבה-סייבר-רכוש-מהדורת-מרץ-2023.pdf
business,www.harel-group.co.il/insurance/business/policies/upgrade-office.html,https://media.harel-group.co.il/media/fxrjg3av/נספח-הרחבה-לכיסוי-תביעת-צד-שלישי-בשל-ארוע-סייבר-מהדורת-מרץ-2023.pdf
business,www.harel-group.co.il/insurance/business/policies/upgrade-office.html,https://media.harel-group.co.il/media/1nbemi5o/תנאי-פוליסת-ביטוח-מכלול-למשרד-מהדורת-ינואר-2024-באנגלית.pdf
business,www.harel-group.co.il/insurance/business/policies/pollution.html,https://media.harel-group.co.il/media/d1ai0qwv/תנאי-פוליסת-ביטוח-עסקי-ביטוח-אחריות-זיהום-אנגלית.pdf
business,www.harel-group.co.il/insurance/business/policies/pollution.html,https://media.harel-group.co.il/media/c0daf51z/טופס-הצעה-לביטוח-עסקי-זיהום.pdf
business,www.harel-group.co.il/insurance/business/policies/complex-business.html,https://media.harel-group.co.il/media/yw0n5uck/תנאי-פוליסה-ביטוח-מכלול-לעסק-מהדורת-מרץ-2023.pdf
business,www.harel-group.co.il/insurance/business/policies/complex-business.html,https://media.harel-group.co.il/media/0o5cjs0n/טופס-הצעה-לביטוח-עסקי-מכלול-לעסק.pdf
business,www.harel-group.co.il/insurance/business/policies/complex-business.html,https://media.harel-group.co.il/media/h2qigsbd/מידע-מהותי-מכלול-לעסק-מהדורת-032023.pdf
business,www.harel-group.co.il/insurance/business/policies/complex-business.html,https://media.harel-group.co.il/media/ucmcskud/טופס-הצעה-להרחבה-לכיסוי-ביטוח-אירוע-סייבר-ינואר-2022.pdf
business,www.harel-group.co.il/insurance/business/policies/complex-business.html,https://media.harel-group.co.il/media/2hzfwv1w/נספח-הרחבה-סייבר-רכוש-מהדורת-מרץ-2023.pdf
business,www.harel-group.co.il/insurance/business/policies/complex-business.html,https://media.harel-group.co.il/media/l45gt4xu/נספח-הרחבה-לכיסוי-תביעת-צד-שלישי-בשל-ארוע-סייבר-מהדורת-מרץ-2023.pdf
business,www.harel-group.co.il/insurance/business/policies/complex-business.html,https://media.harel-group.co.il/media/slih12no/ביטוח-שיר-לעסק-ביטוח-לבית-העסק-מבית-שירביט-מהדורת-אפריל-2021.pdf
business,www.harel-group.co.il/insurance/business/policies/complex-business.html,https://media.harel-group.co.il/media/3kdajaea/תנאי-פוליסת-ביטוח-מכלול-לעסק-מהדורת-מרץ-2023-באנגלית.pdf
business,www.harel-group.co.il/insurance/business/policies/product-warranty.html,https://media.harel-group.co.il/media/qcidy520/טופס-הצעה-לביטוח-חבות-המוצר.pdf
business,www.harel-group.co.il/insurance/business/policies/product-warranty.html,https://media.harel-group.co.il/media/oviplkmj/פוליסה-לביטוח-חבות-המוצר-הראל-ביט-מהדורת-ינואר-2023.pdf
business,www.harel-group.co.il/insurance/business/policies/product-warranty.html,https://media.harel-group.co.il/media/phwf03ei/מכתב-פירוט-שינויים-מהדורות-ינואר-2023-_1.pdf
business,www.harel-group.co.il/insurance/business/policies/third-party.html,https://media.harel-group.co.il/media/tizn2yxb/טופס-הצעה-לביטוח-חבות-כלפי-צד-שלישי.pdf
business,www.harel-group.co.il/insurance/business/policies/third-party.html,https://media.harel-group.co.il/media/vuwhhcxa/פוליסה-לביטוח-חבות-כלפי-צד-שלישי-הראל-ביט-מהדורת-ינואר-2023.pdf
business,www.harel-group.co.il/insurance/business/policies/third-party.html,https://media.harel-group.co.il/media/t5oalqnc/מכתב-פירוט-שינויים-מהדורות-ינואר-2023-_1.pdf
business,www.harel-group.co.il/insurance/business/policies/dentists.html,https://media.harel-group.co.il/media/uckj3swz/פוליסת-אחריות-מקצועית-על-בסיס-אירוע-לרופא-שיניים-מהדורת-ספטמבר-2016.pdf
business,www.harel-group.co.il/insurance/business/policies/dentists.html,https://media.harel-group.co.il/media/h0cd5kch/טופס-הצעה-לביטוח-אחריות-מקצועית-לרופא-שיניים.pdf
business,www.harel-group.co.il/insurance/business/policies/dentists.html,https://media.harel-group.co.il/media/r54d2nce/פוליסת-אחריות-מקצועית-על-בסיס-הגשת-תביעה-לרופא-שיניים-מהדורת-ספטמבר-2016.pdf
business,www.harel-group.co.il/insurance/business/policies/dentists.html,https://media.harel-group.co.il/media/4s2jk0o0/שאלון-לביטוח-אחריות-מקצועית-למרפאות-שיניים.pdf
business,www.harel-group.co.il/insurance/business/policies/employers-liability.html,https://media.harel-group.co.il/media/xxqjhklw/טופס-הצעה-לביטוח-חבות-מעבידים.pdf
business,www.harel-group.co.il/insurance/business/policies/employers-liability.html,https://media.harel-group.co.il/media/shgcj4fr/פוליסת-חבות-מעבידים-ינואר-2023.pdf
business,www.harel-group.co.il/insurance/business/policies/employers-liability.html,https://media.harel-group.co.il/media/ytmlxg0b/מכתב-פירוט-שינויים-מהדורות-ינואר-2023-_1.pdf
business,www.harel-group.co.il/insurance/business/policies/safe-deposit-box.html,https://media.harel-group.co.il/media/gf0frsyq/טופס-הצעה-לביטוח-רכוש-בכספת-בנק-עבור-ביטוח-עסקי.pdf
business,www.harel-group.co.il/insurance/business/policies/safe-deposit-box.html,https://media.harel-group.co.il/media/xrybhmp4/פוליסה-לביטוח-רכוש-בכספת-מהדורת-ינואר-2023.pdf
business,www.harel-group.co.il/insurance/business/policies/safe-deposit-box.html,https://media.harel-group.co.il/media/nonpfz5z/מכתב-פירוט-שינויים-מהדורות-ינואר-2023.pdf
business,www.harel-group.co.il/insurance/business/policies/safe-deposit-box.html,https://media.harel-group.co.il/media/ehxncyml/תנאי-פוליסת-ביטוח-עסקי-רכוש-בכספת.pdf
mortgage,www.harel-group.co.il/insurance/mortgage/policies/structural-b.html,https://media.harel-group.co.il/media/ve2l1l2w/תנאי-פוליסת-משכנתה-בטוחה-ב.pdf
mortgage,www.harel-group.co.il/insurance/mortgage/policies/structural-b.html,https://media.harel-group.co.il/media/mqbh5h42/טופס-הצעה-לביטוח-משכנתה-בטוחה-ב.pdf
mortgage,www.harel-group.co.il/insurance/mortgage/policies/structural-b.html,https://media.harel-group.co.il/media/epengd1m/מידע-מהותי-משכנתא-בטוחה-ב-מהדורת-יולי-2016.pdf
mortgage,www.harel-group.co.il/insurance/mortgage/policies/structural-b.html,https://media.harel-group.co.il/media/4m0emjtg/נספח-משכנתא-לאנשים-עם-מוגבלות-מקצרת-חיים.pdf
mortgage,www.harel-group.co.il/insurance/mortgage/policies/safe-mortgage.html,https://media.harel-group.co.il/media/r4chs154/תנאי-פוליסת-ביטוח-חיים-להבטחת-המשכנתה.pdf
mortgage,www.harel-group.co.il/insurance/mortgage/policies/safe-mortgage.html,https://media.harel-group.co.il/media/rrdjyzeo/טופס-הצעה-לביטוח-חיים-ומבנה-למשכנתה.pdf
mortgage,www.harel-group.co.il/insurance/mortgage/policies/safe-mortgage.html,https://media.harel-group.co.il/media/5eql5go1/טופס-הצעה-לביטוח-חיים-ומבנה-למשכנתא-הצהרת-בריאות-מקוצרת.pdf
mortgage,www.harel-group.co.il/insurance/mortgage/policies/safe-mortgage.html,https://media.harel-group.co.il/media/wjucdzmb/מידע-מהותי-בדבר-פוליסה-לביטוח-חיים-משכנתה.pdf
mortgage,www.harel-group.co.il/insurance/mortgage/policies/structural.html,https://media.harel-group.co.il/media/hl5ogmg3/תנאי-פוליסת-ביטוח-מבנה-דירה-משכנתא-בטוחה-מהדורה-חדשה-בתוקף-החל-מ-2-12-2019.pdf
mortgage,www.harel-group.co.il/insurance/mortgage/policies/structural.html,https://media.harel-group.co.il/media/uoye0dwz/טופס-הצעה-משכנתא-בטוחה-מבנה.pdf
mortgage,www.harel-group.co.il/insurance/mortgage/policies/structural.html,https://media.harel-group.co.il/media/trwlx3ch/מידע-מהותי-בפוליסת-משכנתה-בטוחה.pdf
apartment,www.harel-group.co.il/insurance/apartment/policies/fine-art-collector.html,https://media.harel-group.co.il/media/2yui3t2f/תנאי-פוליסת-ביטוח-רכוש-fine-art-collectors-insurance-לאספני-אמנות-באנגלית.pdf
apartment,www.harel-group.co.il/insurance/apartment/policies/fine-art-collector.html,https://media.harel-group.co.il/media/krzkp0vj/טופס-הצעה-לפוליסת-ביטוח-רכוש-fine-art-collectors-לאספני-אמנות.pdf
apartment,www.harel-group.co.il/insurance/apartment/policies/valuable-items-risks.html,https://media.harel-group.co.il/media/f5ih1qci/תנאי-פוליסת-ביטוח-רכוש-כל-הסיכונים-לדברי-ערך.pdf
apartment,www.harel-group.co.il/insurance/apartment/policies/valuable-items-risks.html,https://media.harel-group.co.il/media/5uejewgd/טופס-הצעה-לפוליסת-ביטוח-רכוש-כל-הסיכונים-לדברי-ערך.pdf
apartment,www.harel-group.co.il/insurance/apartment/policies/condominium.html,https://media.harel-group.co.il/media/jzolidwz/תנאי-פוליסת-ביטוח-עד-הגג-לביטוח-בית-משותף.pdf
apartment,www.harel-group.co.il/insurance/apartment/policies/condominium.html,https://media.harel-group.co.il/media/3brpce4m/טופס-הצעה-לפוליסת-ביטוח-לבית-המשותף-עד-הגג.pdf
apartment,www.harel-group.co.il/insurance/apartment/policies/adira-silver.html,https://media.harel-group.co.il/media/cvdp1155/טופס-הצעה-אדירה-כסף-מהדורת-פברואר-2025.pdf
apartment,www.harel-group.co.il/insurance/apartment/policies/adira-silver.html,https://media.harel-group.co.il/media/wdvn2ej1/תנאי-פוליסת-ביטוח-דירה-אדירה-כסף-מהדורת-פברואר-2025.pdf
apartment,www.harel-group.co.il/insurance/apartment/policies/adira-silver.html,https://media.harel-group.co.il/media/vx1ftgqm/נספח-לחידוש-פוליסת-ביטוח-דירה-כסף-עבור-נזקי-מים.pdf
apartment,www.harel-group.co.il/insurance/apartment/policies/adira-silver.html,https://media.harel-group.co.il/media/qlykhy4d/מידע-מהותי-לפוליסת-אדירה-כסף-מהדורת-פברואר-2025.pdf
apartment,www.harel-group.co.il/insurance/apartment/policies/adira-silver.html,https://media.harel-group.co.il/media/ri2bpv0f/adira-silver-2025-apartment-plus-contents-אדירה-כסף-פברואר-25-באנגלית.pdf
apartment,www.harel-group.co.il/insurance/apartment/policies/adira-silver.html,https://media.harel-group.co.il/media/dmvdp5ok/פוליסה-לביטוח-דירה-ותכולתה-ש-מהדורת-אוגוסט-2020.pdf
apartment,www.harel-group.co.il/insurance/apartment/policies/adira-silver.html,https://media.harel-group.co.il/media/qogkynlv/טופס-הצעה-לפוליסת-ביטוח-הדירה-ותכולתה-ש-מהדורת-אוגוסט-2020.pdf
apartment,www.harel-group.co.il/insurance/apartment/policies/adira-gold.html,https://media.harel-group.co.il/media/qoqk502i/תנאי-פוליסת-ביטוח-דירה-אדירה-זהב-מהדורה-חדשה-בתוקף-החל-מ-2-12-2019.pdf
apartment,www.harel-group.co.il/insurance/apartment/policies/adira-gold.html,https://media.harel-group.co.il/media/k2ll2dvn/טופס-הצעה-לפוליסת-ביטוח-דירה-אדירה-זהב.pdf
apartment,www.harel-group.co.il/insurance/apartment/policies/adira-gold.html,https://media.harel-group.co.il/media/prplmiui/פוליסת-אדירה-זהב-מהדורת-נובמבר-2019-באנגלית.pdf
apartment,www.harel-group.co.il/insurance/apartment/policies/adira-gold.html,https://media.harel-group.co.il/media/qepjszrn/נספח-רעידת-אדמה-לפוליסת-אדירה-זהב.pdf
apartment,www.harel-group.co.il/insurance/apartment/policies/adira-gold.html,https://media.harel-group.co.il/media/3vdld1go/נספח-לחידוש-פוליסת-ביטוח-דירה-אדירה-זהב-עבור-נזקי-מים.pdf
apartment,www.harel-group.co.il/insurance/apartment/policies/adira-gold.html,https://media.harel-group.co.il/media/lxmdyclq/דף-מידע-פוליסה-אדירה-זהב-יולי-2015.pdf
apartment,www.harel-group.co.il/insurance/apartment/policies/adira-arad.html,https://media.harel-group.co.il/media/hf0bpqle/תנאי-הפוליסה-לביטוח-אדירה-ארד-מהדורת-ספטמבר-2017.pdf
apartment,www.harel-group.co.il/insurance/apartment/policies/adira-arad.html,https://media.harel-group.co.il/media/1vcnsdwk/טופס-הצעה-לפוליסת-ביטוח-דירה-אדירה-ארד.pdf
apartment,www.harel-group.co.il/insurance/apartment/policies/adira-arad.html,https://media.harel-group.co.il/media/od1kavoj/מידע-מהותי-לפוליסת-ביטוח-אדירה-ארד.pdf
apartment,www.harel-group.co.il/insurance/apartment/policies/adira-arad.html,https://media.harel-group.co.il/media/muofsd4h/נספח-לפוליסת-ביטוח-דירה-למקרה-של-רעידת-אדמה-אדירה-ארד.pdf
travel,www.harel-group.co.il/insurance/travel/index.html,https://media.harel-group.co.il/media/of1evuu4/הודעה-על-הגדרת-ספורט-אתגרי.pdf
travel,www.harel-group.co.il/insurance/travel/policies/first-class.html,https://media.harel-group.co.il/media/pgxgkrd5/תעריפון-דרכון-first-class.pdf
travel,www.harel-group.co.il/insurance/travel/policies/first-class.html,https://media.harel-group.co.il/media/k2jji3iq/תנאי-פוליסת-ביטוח-נסיעות-לחול-first-class.pdf
travel,www.harel-group.co.il/insurance/travel/policies/first-class.html,https://media.harel-group.co.il/media/cldop4fu/פוליסת-ביטוח-נסיעות-לחו-ל-שיר-לנוסע-שירביט-מבית-הראל-חברה-לביטוח.pdf
travel,www.harel-group.co.il/insurance/travel/policies/first-class.html,https://media.harel-group.co.il/media/2hum5gui/תנאי-פוליסת-ביטוח-נסיעות-לחול-אנגלית-first-class.pdf
travel,www.harel-group.co.il/insurance/travel/policies/first-class.html,https://media.harel-group.co.il/media/zh2egmhc/תנאי-פוליסת-ביטוח-נסיעות-לחול-רוסיתfirst-class.pdf
travel,www.harel-group.co.il/insurance/travel/policies/first-class.html,https://media.harel-group.co.il/media/hmhbxfow/תנאי-פוליסת-ביטוח-נסיעות-לחול-ערבית-first-class.pdf
travel,www.harel-group.co.il/insurance/travel/policies/first-class.html,https://media.harel-group.co.il/media/1ond1jxt/גבולות-אחריות-דרכון-first-class.pdf
travel,www.harel-group.co.il/insurance/travel/policies/premium-passport.html,https://media.harel-group.co.il/media/xhhnzbli/תנאי-פוליסת-ביטוח-נסיעות-לחול-דרכון-פרימיום.pdf
travel,www.harel-group.co.il/insurance/travel/policies/premium-passport.html,https://media.harel-group.co.il/media/3q5m1jde/גבולות-אחריות-דרכון-first-class.pdf
travel,www.harel-group.co.il/insurance/travel/policies/premium-passport.html,https://media.harel-group.co.il/media/jstbncbn/טופס-הצעה-לביטוח-נסיעות-לחול-דרכון-פרימיום.pdf
travel,www.harel-group.co.il/insurance/travel/policies/premium-passport.html,https://media.harel-group.co.il/media/xnldq244/תעריפון-דרכון-פרימיום.pdf